{
  "project_info": {
    "project_number": "472412325627",
    "project_id": "fir-flutter-codelab-d3d81",
    "storage_bucket": "fir-flutter-codelab-d3d81.appspot.com"
  },
  "client": [
    {
      "client_info": {
        "mobilesdk_app_id": "1:472412325627:android:aa2451736cb164600dd25e",
        "android_client_info": {
          "package_name": "com.example.g"
        }
      },
      "oauth_client": [],
      "api_key": [
        {
          "current_key": "AIzaSyBqJ2Aw6fYMXzzLn_rVnbBwC1qParb4_MQ"
        }
      ],
      "services": {
        "appinvite_service": {
          "other_platform_oauth_client": []
        }
      }
    },
    {
      "client_info": {
        "mobilesdk_app_id": "1:472412325627:android:7a2f9fdf7c85f6de0dd25e",
        "android_client_info": {
          "package_name": "com.example.gtk_flutter"
        }
      },
      "oauth_client": [],
      "api_key": [
        {
          "current_key": "AIzaSyBqJ2Aw6fYMXzzLn_rVnbBwC1qParb4_MQ"
        }
      ],
      "services": {
        "appinvite_service": {
          "other_platform_oauth_client": []
        }
      }
    }
  ],
  "configuration_version": "1"
}